{"cameraMode":{"drawMode":0,"name":"Shaded","section":"Shading Mode"},"sceneLighting":false,"audioPlay":false,"sceneViewState":{"m_AlwaysRefresh":false,"showFog":true,"showSkybox":false,"showFlares":true,"showImageEffects":true,"showParticleSystems":true,"showVisualEffectGraphs":true,"m_FxEnabled":true},"in2DMode":false,"pivot":{"x":3.501634120941162,"y":0.5944995284080505,"z":5.0566301345825199},"rotation":{"x":-0.28512758016586306,"y":0.21946221590042115,"z":-0.06724130362272263,"w":-0.9306004047393799},"size":0.6062911152839661,"orthographic":false}