{"cameraMode":{"drawMode":0,"name":"Shaded","section":"Shading Mode"},"sceneLighting":false,"audioPlay":false,"sceneViewState":{"m_AlwaysRefresh":false,"showFog":true,"showSkybox":false,"showFlares":true,"showImageEffects":true,"showParticleSystems":true,"showVisualEffectGraphs":true,"m_FxEnabled":true},"in2DMode":false,"pivot":{"x":-0.3025125563144684,"y":1.162548303604126,"z":0.8014647960662842},"rotation":{"x":0.0626000463962555,"y":-0.9338968992233276,"z":0.20344987511634828,"w":0.28733474016189577},"size":1.4605309963226319,"orthographic":false}